{
    "brim_type": "no_brim",
    "brim_width": "3",
    "default_acceleration": "1000",
    "from": "User",
    "gap_infill_speed": "100",
    "inherits": "0.20mm Standard @Sovol SV06 Plus ACE",
    "initial_layer_acceleration": "1000",
    "initial_layer_print_height": "0.12",
    "inner_wall_acceleration": "1000",
    "inner_wall_speed": "100",
    "internal_solid_infill_speed": "100",
    "is_custom_defined": "0",
    "layer_height": "0.1",
    "name": "0.10mm VERY SLOW NS SV06 Plus ACE",
    "outer_wall_acceleration": "1000",
    "outer_wall_speed": "100",
    "print_settings_id": "0.10mm VERY SLOW NS SV06 Plus ACE",
    "seam_gap": "10%",
    "skirt_distance": "3",
    "sparse_infill_pattern": "gyroid",
    "sparse_infill_speed": "100",
    "staggered_inner_seams": "1",
    "support_bottom_z_distance": "0.25",
    "support_style": "default",
    "support_top_z_distance": "0.25",
    "top_surface_acceleration": "1000",
    "top_surface_pattern": "monotonic",
    "top_surface_speed": "100",
    "travel_acceleration": "1000",
    "travel_speed": "200",
    "version": "1.9.0.2"
}
