{
    "brim_type": "no_brim",
    "brim_width": "7",
    "default_acceleration": "12000",
    "enable_support": "1",
    "from": "User",
    "gap_infill_speed": "250",
    "inherits": "0.20mm Standard @Sovol SV06 Plus ACE",
    "initial_layer_print_height": "0.12",
    "inner_wall_acceleration": "8000",
    "inner_wall_speed": "400",
    "internal_solid_infill_speed": "400",
    "is_custom_defined": "0",
    "layer_height": "0.1",
    "name": "0.10mm FAST SV06 Plus ACE",
    "outer_wall_speed": "300",
    "print_settings_id": "0.10mm FAST SV06 Plus ACE",
    "seam_gap": "10%",
    "skirt_distance": "3",
    "sparse_infill_pattern": "gyroid",
    "sparse_infill_speed": "400",
    "staggered_inner_seams": "1",
    "support_bottom_interface_spacing": "1",
    "support_bottom_z_distance": "0.1",
    "support_interface_spacing": "1",
    "support_style": "tree_strong",
    "support_threshold_angle": "30",
    "support_top_z_distance": "0.3",
    "support_type": "tree(auto)",
    "tree_support_branch_angle": "30",
    "tree_support_branch_diameter": "3",
    "tree_support_branch_diameter_organic": "4",
    "tree_support_tip_diameter": "0.6",
    "tree_support_wall_count": "2",
    "version": "1.9.0.2"
}
