{
    "bottom_shell_layers": "4",
    "brim_type": "no_brim",
    "brim_width": "3",
    "from": "User",
    "inherits": "0.20mm Standard @Sovol SV06 Plus ACE",
    "inner_wall_speed": "300",
    "is_custom_defined": "0",
    "name": "0.20mm INDUSTRIAL NS SV06 Plus ACE",
    "print_settings_id": "0.20mm INDUSTRIAL NS SV06 Plus ACE",
    "seam_gap": "10%",
    "skirt_distance": "3",
    "sparse_infill_density": "30%",
    "sparse_infill_pattern": "gyroid",
    "staggered_inner_seams": "1",
    "support_bottom_z_distance": "0.25",
    "support_style": "default",
    "support_top_z_distance": "0.25",
    "support_type": "tree(auto)",
    "top_surface_pattern": "monotonic",
    "version": "1.9.0.2",
    "wall_loops": "4"
}
