{
    "brim_type": "no_brim",
    "brim_width": "3",
    "default_acceleration": "14000",
    "from": "User",
    "gap_infill_speed": "300",
    "inherits": "0.20mm Standard @Sovol SV06 Plus ACE",
    "inner_wall_acceleration": "12000",
    "inner_wall_speed": "500",
    "internal_solid_infill_speed": "500",
    "is_custom_defined": "0",
    "name": "0.20mm VERY FAST NS SV06 Plus ACE",
    "outer_wall_acceleration": "7000",
    "outer_wall_speed": "350",
    "print_settings_id": "0.20mm VERY FAST NS SV06 Plus ACE",
    "seam_gap": "10%",
    "skirt_distance": "3",
    "sparse_infill_pattern": "gyroid",
    "sparse_infill_speed": "500",
    "staggered_inner_seams": "1",
    "support_interface_speed": "100",
    "support_speed": "200",
    "support_style": "default",
    "support_type": "tree(auto)",
    "top_surface_pattern": "monotonic",
    "top_surface_speed": "250",
    "travel_acceleration": "15000",
    "version": "1.9.0.2"
}
